Episode,Reward,Critic Loss,Actor Loss
0,-111.57056294895806,0.0,0.0
1,-108.70819266998637,103.59527079264323,0.05148058050932983
2,-127.02910699881325,81.39405664530668,0.2335733294867995
3,-119.85801396249936,75.41267095769153,0.31153627250836613
4,-110.00292772124399,69.85650113523006,0.3422988286823966
5,-157.06820935665317,67.82069528972109,0.3704660838023604
6,-104.8107130809355,66.6604350745678,0.37402728249318895
7,-114.7819686562699,69.1450363301805,0.38270223504098666
8,-64.22209682025141,68.34368735055129,0.38842804870412995
9,-105.57726859429106,67.69215980824083,0.4020206019413308
10,-60.407507459716854,70.50927188028308,0.41611217436901127
11,-114.7026895832193,70.87755513770713,0.4338514295005653
12,-105.7143017565282,72.1846836797501,0.45445723942554506
13,-107.17196739039473,73.25326570409995,0.4655292984874298
14,-106.89724533984261,73.32263234183192,0.47784764946554786
15,-157.2067652780362,76.17218955854575,0.5006588842287394
16,-103.78784632077316,77.01642052448074,0.5141694548615623
17,-104.62504750811252,76.09786523646778,0.5444270375132975
18,-110.67181373283317,76.08044411242008,0.5597404011008937
19,-104.58132619073372,76.80319891807933,0.5864806103296966
20,-153.47738285144638,80.43761057317256,0.6197412517154589
21,-104.26741673601747,83.95954276475251,0.6366896327886292
22,-51.44025594743011,83.06916305136222,0.6533770013394622
23,-147.97748714988583,84.77110229101446,0.6910833542071352
24,-203.8667011752278,85.2510802247401,0.7637209195587463
25,-142.88982958602534,86.5684865390261,0.7985970479319804
26,-94.19432455609498,86.07564434649483,0.8402305747299725
27,-196.01865452532923,86.95924568874761,0.8794162927260913
28,-197.11555231516317,89.19832311209404,0.915123027569445
29,-194.86619250927816,91.14168066794382,0.9566274129354175
30,-45.60728102204109,91.2611812017858,1.0392676179665916
31,-249.80860545160584,92.52501851995785,1.1152512154635041
32,-90.63836609689001,92.23481309374696,1.1379333030291539
33,-96.31911986784147,90.7913611787252,1.1839238941723194
34,-100.42212797837114,94.13669422231615,1.235476987218135
35,-48.5673877643049,96.10393457260074,1.2910551401224306
36,-191.99791605084232,96.24782778500091,1.3346845863880368
37,-97.14466977871803,97.34633948908133,1.3610305941855425
38,-98.43765758383802,98.1685385700615,1.402355214786962
39,-97.35194449768335,98.07980619354194,1.4404513502435947
40,-99.47223716033037,97.97977993248597,1.4989583040106758
41,-143.50496433920048,99.43643381716089,1.5296012684430411
42,-146.77144896755274,99.23687300901663,1.5481266035575811
43,-402.50781884817184,100.71927921595622,1.579393088943515
44,-99.6661974431925,105.37277057849698,1.710129262234895
45,-103.6193649499279,106.46269030543891,1.7299913526703181
46,-123.96596009104326,105.33302792756497,1.80278971926857
47,-165.11023912042901,107.00359617590904,1.8583874045405537
48,-173.0434444656646,108.55471686440617,1.9333580920087006
49,-113.63258517131055,105.89314670674503,2.0217704782084587
50,-105.49997073102134,106.14682678333644,2.0272988246256034
51,-104.62468409415904,105.51273541203162,2.0434497352388568
52,-120.15601366954903,106.81911380550304,2.0912816579492954
53,-111.79510116328382,108.18744290967166,2.1400018575795063
54,-107.96719351399858,107.34536205490906,2.1833068304458174
55,-98.59086979418461,107.85731346168939,2.213967172611121
56,-256.1475983754265,107.00600947616464,2.273980639818372
57,-97.30131945699486,107.47065082732793,2.3067573224473232
58,-110.76540662931578,108.49622636890791,2.3507602234492375
59,-251.3911769532667,108.35938594213331,2.3668617198002373
60,-93.21187859678042,108.16734135814899,2.3798125538205332
61,-198.5477954056555,107.87028361081468,2.399724418474409
62,-104.9152141005338,107.65828435250263,2.417582987003899
63,-295.641509958526,107.811140627262,2.431495586499359
64,-197.6788110134569,108.07292198532907,2.4408764892631654
65,-145.83596870128056,108.33123947454662,2.4570410548788835
66,-600.5786037287468,108.84720128072568,2.4822092245997807
67,661.0079179940698,108.65238427645282,2.4896018705319647
68,-93.70620341849717,108.75354857905216,2.5054104458684128
69,663.1501364357558,108.65083911819077,2.5219291863326823
70,-144.8205453175273,108.78364780101666,2.541665357270083
71,-94.21095131642367,108.83360139991281,2.5604807534544785
72,-198.05312139715952,108.64272939546467,2.5814169079764877
73,-45.75316148160199,109.24520315398458,2.6036605042588743
74,-93.93148265404096,109.51607390890742,2.6243424164893465
75,661.5987655526517,109.38251257568065,2.632951634858078
76,-96.45559699177667,179.32687042450064,2.668066747967638
77,-244.189790151019,178.34710222547753,2.68567946337379
78,-96.71881571955451,176.6051639276075,2.716187975069323
79,-144.98443137311983,175.47987831135592,2.7362686350322765
80,661.6636392666509,174.8938686159455,2.7551038735516573
81,-94.44454248629594,207.23347081287636,2.7757526945885833
82,-400.55378678423625,206.36478081210092,2.803241458364516
83,-146.2714837185187,205.4231416435271,2.823110862395566
84,-299.0692201400108,204.50323286314725,2.854607808495106
85,-95.20290342566356,203.3001604040703,2.872303748754859
86,-299.6393872124647,202.65335048040546,2.89432144977349
87,-103.69221606507585,201.99871327083102,2.91491436727599
88,-247.22213067411272,201.45292268576114,2.921693890631441
89,-99.71265034812447,231.9054132847814,2.93823997727759
90,-99.53276120550296,230.68457732078178,2.9559096555855455
91,-96.735102412583,229.4320440841409,2.9754302763496527
92,-97.17965648972918,229.03577207868128,2.985496020912446
93,-95.41808925355474,228.4973322270253,2.9984245778511114
94,-121.73273803804474,227.935235951869,3.029140683436626
95,-95.30680589758673,227.35378682333277,3.0411800464757026
96,-96.64947405465648,226.86404194267055,3.050749220251374
97,-144.66514071058094,226.22287162015243,3.0611986602880688
98,-95.21328619092941,225.84516159032358,3.0728293941382208
99,-96.91868749829933,225.3986658855338,3.092493837215591
100,-99.83730696455208,224.9394606245572,3.106234349355766
101,-145.1138555166787,223.81943144056484,3.125041448766957
102,-147.28246566592352,223.74062999020924,3.138455138251355
103,-99.1426856435655,222.7555607784311,3.1511719532837144
104,-97.16114074172,222.46055940233117,3.1600408901857455
105,-100.24610403442287,222.45943466982533,3.1677578260836703
106,-197.7846512388059,221.78907447003385,3.1930320988785397
107,-148.05735673416422,221.28210009439675,3.217026139781465
108,-95.05374486110671,220.76343090087175,3.230938616396472
109,-96.25572393834139,219.7897199583012,3.250315244841207
110,-199.30430008395086,219.58073239514812,3.274243534068066
111,-93.73826232659647,219.42221327708666,3.2865965412164293
112,-145.67570038805383,219.02637886497482,3.2921366350829664
113,-99.50179823529433,218.37156107980772,3.29861051729189
114,-74.4480235614773,217.19186162289714,3.329920511303919
115,-94.14396652540066,216.94500721743552,3.339559400325515
116,-95.97006999998689,216.82446819694863,3.3518794537812937
117,-44.490892580715006,216.4604951716232,3.360220522633111
118,-96.9571373525975,243.10683684051037,3.371689233645303
119,-47.25593645008525,242.59582133905147,3.386550696439773
120,-95.54079971628525,242.6288992531101,3.395976656716472
121,-94.81214677404179,268.76544445129326,3.405396419151089
122,-122.96166978143754,267.044834974467,3.430546233961267
123,-95.75266222874129,266.34692364979963,3.4449933400324193
124,-47.69776541895034,265.32484072883665,3.4633279782955015
125,-45.6329882594932,264.84588147128943,3.468307894972824
126,-196.64933761136297,264.4869646947939,3.477286655580155
127,-102.17807343326832,264.0783882847717,3.4882126904701094
128,-95.68170946599568,263.5586984976887,3.4971811001337287
129,-145.6095292264122,263.2350655548657,3.5064665557113655
130,-194.74883879592537,263.0415750782901,3.517793290189857
131,-49.444941731565194,262.52084544652206,3.525780075334256
132,-98.36604194862927,262.00800453963734,3.5400213079238756
133,-420.0063129816418,260.46836787940197,3.5661558869138137
134,-148.18793485430928,259.912741846332,3.5754748725231598
135,-95.37690206982535,259.42842683484776,3.586514059120236
136,-170.7976879028758,259.20611861024213,3.6077775855625327
137,-245.09510652071845,258.8398908460657,3.6276821680864373
138,-349.7716026906506,258.08511979020557,3.6533342761639505
139,-505.8531900061271,257.18723320079647,3.6849291837446265
140,-200.5828755718885,256.4251045428442,3.7088052507976745
141,-500.90246559911026,255.55821475171828,3.751223961191319
142,-101.72522012036546,254.72952470628184,3.778072865722256
143,-92.9053656422889,254.4522485703762,3.7919594521691105
144,-703.778320704821,253.8254071720077,3.820467329978772
145,-48.756935744536094,277.000804359685,3.8493161247420016
146,-194.81787569681714,276.30511075005546,3.8753997363205945
147,-755.2399319093754,275.3762889225414,3.930097830504098
148,-71.63138727277752,297.2587709289001,3.978962247777093
149,-101.6439439749865,296.2976584379162,4.01291037052138
150,-93.2510949927509,295.7865170942582,4.028058042928199
151,-701.1013883516549,294.77060873169063,4.058200956776702
152,-852.5972463004402,293.97415767983654,4.094942067745207
153,-210.52854829003937,336.91711403192915,4.158234024148637
154,-614.6415842896679,334.8939671975358,4.207693841208937
155,664.1066786084649,333.5455151988219,4.231641268110771
156,-46.90749682458123,332.59360596391423,4.256837541174666
157,-699.5102965233804,352.9066505714848,4.290114359309066
158,-242.46964754963182,351.2808744522032,4.314320140341121
159,-807.7490548776342,349.514645584027,4.34688361520879
160,662.7647787072012,348.64565622640544,4.370282106470213
161,-458.33732416727923,347.0643571702273,4.406076151792474
162,-38.33318303764573,346.68623830131656,4.4220150515487235
163,-241.25461754735514,345.4191134918947,4.4691333587913205
164,-88.41938533765372,344.17567178491174,4.499459851314217
165,-41.956754947261274,343.38643555289383,4.529051465196559
166,-554.8849296397418,342.4435389933678,4.552176036927491
167,-95.18250090180871,362.26387445773094,4.592154650391217
168,-397.61391350433314,360.94329982218864,4.646301003076914
169,-93.0100208788729,359.70824647122424,4.679708917166038
170,665.6363143027118,358.776488163044,4.7134304755025385
171,-42.70283323479637,378.0736385496923,4.747487861647426
172,-306.19221542594556,376.3435886259569,4.793808891367061
173,-92.6114056369004,375.09710138529687,4.826497997880427
174,-96.78546667610476,374.27320605158513,4.855796324594206
175,-142.3335346401275,373.7248437549637,4.8688500682717475
176,-246.02075156573565,372.8969586364689,4.899248523753784
177,-258.1497637853766,371.2981972578499,4.943804000628604
178,-142.64228288092366,370.39246102014124,4.974956435969104
179,-242.9025699696331,369.34505066111615,5.005273761105742
180,-91.67765258943933,368.26776607597156,5.039664467489014
181,664.2755501239576,387.2243259954764,5.055377384008963
182,-88.2370548040783,385.9697460913348,5.090468067678581
183,-98.46943206145039,384.9490982369114,5.12276833396898
184,-196.49674293664467,384.0736807034083,5.156514577928001
185,-290.57799433687035,383.0940202965742,5.18451445616862
186,-92.32741804648967,401.9209387268438,5.206042601647353
187,664.1672383009762,400.71475312879517,5.239714030066993
188,-199.32611897189537,399.7295762997481,5.268295983868128
189,-99.43587012546234,416.4258735141029,5.313298656712275
190,-97.55060918928336,415.4412037277412,5.341696093213725
191,-96.1813770580973,414.1141619303194,5.3682843630826165
192,663.2631176708989,413.46289300264544,5.380515302765832
193,-348.08545081510283,412.1322872358802,5.411344497349755
194,-95.21057084135359,410.9042328590101,5.443903860250266
195,-94.00987143520382,427.737710914375,5.467126815740422
196,-147.12504634548236,426.01580958983584,5.520181760847044
197,-99.49030738044277,424.1812413099703,5.579080094637063
198,-48.1449320064787,422.93623919240497,5.612674651861586
199,-296.3368635142536,421.81721856852505,5.650821957220313
200,-46.00355555605956,438.9202934934752,5.69054686456945
201,-249.6099882354108,455.3285895320175,5.7192049513376855
202,-99.93586365390281,453.9205892541716,5.751945683546865
203,-150.77933964767786,452.0025427687245,5.796143791895523
204,-96.7388056840696,450.63568803091,5.8255385817628
205,-41.13121561757378,449.16754744814364,5.853548364392659
206,-95.8560656685172,447.92436494700263,5.878106804614207
207,-146.3622702757267,446.7470705809087,5.9068603828933846
208,-99.17208441032707,445.4652698747658,5.937586141207107
209,-48.614908415685846,444.5790683388089,5.965654771800716
210,-450.1751947443797,442.7068355038423,6.005761220860806
211,-296.54362160619684,458.4775787942803,6.0298595500001015
212,-191.86245846634722,457.32644007478893,6.057076927353351
213,-95.45815667486562,455.5508585676247,6.107746201413874
214,-48.874455049997785,470.29876931437855,6.141063975780904
215,-87.61091047136043,469.02585744755436,6.164511864860495
216,-251.59508791428732,484.028077964032,6.190679434344446
217,-140.48186013454517,483.37343279897686,6.204370905860723
218,-98.13879509540517,482.17854459756614,6.230130681301001
219,-95.6206935528823,480.6811602428496,6.261047343595929
220,-47.09748302883229,479.243848342685,6.2874145482039445
221,-196.2778881802803,477.65068191024864,6.3097569700059015
222,-91.55676478809744,475.89999261861465,6.350247655988329
223,-96.41708484234505,474.7789581171337,6.378182477704587
224,-147.85874930477982,473.36940187965223,6.40566534120054
225,-88.23862668792648,472.75937160901753,6.422168562176514
226,-351.3595916313841,470.99313379204483,6.462182787701405
227,-99.01056276634833,470.101008960909,6.4865995356351
228,-149.40740739935367,468.2967539052283,6.532831090872205
229,-97.55944942399793,466.6010994283926,6.5736696491022375
230,-93.34271585717555,465.2695647751244,6.601310935622943
231,-92.94652733724513,463.5372474777811,6.644815926530117
232,-90.79766690151747,462.19636006098716,6.677208930277178
233,-138.59076019487208,461.27762696264165,6.705928073193588
234,-87.43002153775431,460.09385646629465,6.727826190774013
235,-145.13323630194873,474.83126825010976,6.742704811731866
236,-198.37682350854885,472.9754792071603,6.777820288054041
237,-146.42932960059062,471.69573007205094,6.806694260625275
238,-94.528164009596,471.1419018592075,6.821924254622801
239,-87.88681354490663,469.8984114445131,6.850941776377021
240,-146.48862193802773,483.818409625039,6.876015453300162
241,-99.5992903178323,482.6769972107558,6.894906281361709
242,-96.66363483500852,482.2220103419369,6.906361071218906
243,-100.97979763290635,480.32269673057533,6.9471332688666845
244,-95.24429631361056,479.61089005103395,6.958370862261809
245,-98.23002181320238,478.3606803365212,6.978517200685987
246,-98.03548679347888,477.1992280371621,6.998282500301107
247,-87.86113259915678,475.92560228955534,7.022893165925468
248,-97.09809709350003,489.45803901219074,7.052110274301202
249,-151.02689092729412,488.0075036481234,7.073162298063758
250,-148.57483107275692,487.16686672367183,7.095525584267962
251,-91.46693709180339,486.0967654006057,7.122912062117649
252,-239.56885888711713,484.79921701325657,7.14997687028239
253,-95.56807321987995,483.48107238244137,7.177490117062955
254,-99.50411029964033,482.6599239953615,7.203486666260596
255,-142.78737133406003,481.57246346269835,7.238349374198151
256,-99.18567174517455,480.35761093675677,7.259483222958026
257,-99.43590565960466,479.6491193392013,7.277321333939447
258,-99.35968807702227,479.00309491974525,7.290567800321151
259,-93.60352722869831,478.45043784118354,7.30293461974917
260,-95.85749330913185,477.27495742779655,7.330380574937855
261,-250.94778568551553,475.2050300213562,7.37573975937023
262,-94.23992395952834,474.06991901846766,7.402373848541966
263,-86.60264351281879,472.8311407735287,7.42547604938756
264,-248.42700037825534,485.81239712233275,7.449997105530693
265,-91.72770771327953,499.42720843884234,7.464696063380924
266,-351.107585556373,539.1100557601992,7.4963173332437405
267,-91.56959774193066,537.7250056856352,7.515240057874985
268,-136.70660935333757,536.425303157121,7.5352533191648154
269,-94.64276829602221,535.0880573833009,7.550876882999742
270,-96.2538933285044,533.9353839561146,7.572963551398049
271,-388.06242016002113,532.4907919769928,7.592604302947575
272,-140.98852878588613,532.125653062611,7.603492604272864
273,-91.81138732410407,530.9039785716627,7.62326822866233
274,-99.89928199275799,529.5676558239663,7.641144544345368
275,-140.05573313624117,528.258116283337,7.664064028738279
276,-97.00499817991545,527.2302807830698,7.685148002869427
277,-88.8503243227151,526.1568147498069,7.71209077299965
278,-93.4898461002433,525.7600012735545,7.721051857522297
279,-145.84956065881255,524.5406490217774,7.745390477700294
280,-91.09555474182731,523.9355415690828,7.762112349723563
281,-141.0514163444248,522.846905668465,7.786519065351684
282,-87.61810374231227,522.2264881515637,7.797976473413889
283,-95.03479968186363,534.3307663319877,7.823037437947702
284,-92.07471249814444,533.971922856151,7.838089416111393
285,-298.9589622931743,532.9038473971792,7.8646083077307
286,-98.32444975683,532.3974728674642,7.873894223164664
287,-89.82005533393246,531.7088587151371,7.884250883652464
288,-98.21538971912327,543.5899183459662,7.907007118933106
289,-46.45230342859985,542.3670204357369,7.935810810957089
290,-44.50220512788384,541.1652803899635,7.967454620789418
291,-249.21639333049222,539.7208802680921,7.993008478725743
292,-97.05765080080717,538.549099505552,8.024426909040459
293,-198.1920174610996,549.638450700998,8.061027664039356
294,-98.0958705316699,548.8114742707374,8.073237780841472
295,-91.159184721408,547.4511713074661,8.106492591807704
296,-101.23776039374592,545.318233418052,8.13824681449001
297,-97.07978840174053,544.2432549701421,8.160711200161126
298,-148.83572884170113,543.0699466258652,8.18381560124088
299,-91.82624926912908,541.7470431545431,8.204155950485118
300,-146.73690948674286,540.5335087282951,8.224726866281415
301,-349.12332443248,539.205631717001,8.244885717215595
302,-49.13979925840609,538.3830066447082,8.27127729029517
303,-143.4139494936573,537.3524893090937,8.289723102784931
304,-192.32785597120235,536.4256705421137,8.31343073836023
305,-90.9093151781588,535.2544480497519,8.344358285227136
306,-94.2883003605977,534.006362173406,8.369031841559822
307,-93.50273256265791,532.8086133215666,8.391665798763349
308,-92.7795387407528,531.5709321887539,8.415262015195472
309,-143.90174186698238,530.4589411929779,8.448023028116875
310,-89.22262583282009,529.3843510255965,8.481146195839203
311,-91.84215569296148,528.1293765895068,8.5047663122597
312,-140.513057631413,527.5727909986756,8.51862348598242
313,-101.8648594654515,527.0181749055375,8.53460656392321
314,-91.36284433971622,525.6941987463866,8.562494667842289
315,-251.100939082762,524.5195451672067,8.59003477074028
316,-94.38208280242188,523.7967034203629,8.6248460642653
317,662.4092735511515,522.6776070787855,8.646777894722122
318,-93.27773566975358,521.6637290378096,8.675407203825829
319,-92.65801634938799,520.4768138233712,8.698740586269746
320,-140.93000584259414,520.0870084844476,8.711728556568419
321,-140.84966480169112,518.9449565495703,8.735343386676
322,-240.8777306610379,518.3284512863715,8.747662914021909
323,-90.51725830529361,517.0744635595169,8.769822917172485
324,-194.2148889884322,515.8893582311026,8.789143612089918
325,-245.63714875155517,514.8594633381052,8.805477572622543
326,-95.9457490128342,514.3469876052218,8.819098476163633
327,-41.52259818279441,513.3823006007678,8.838799671726065
328,-452.9843409708316,512.4659761433793,8.860668386340901
329,-89.9997588957921,511.2971461318465,8.885578755940653
330,-87.27708173455753,510.8205750858767,8.900145688268495
331,-101.066219927199,510.1738395249108,8.911910106073007
332,-241.05499393779442,509.12342491279117,8.932875991551779
333,-96.62458314419399,508.24186728219274,8.961237001137007
334,-92.40664522766039,507.2429257088726,8.98758690033959
335,-90.54448261681677,506.750156735008,9.000240844670852
336,-91.96937114830322,505.73873994749175,9.020564897751134
337,-104.45191637060321,504.807540391649,9.04768584662108
338,-143.14023402639748,503.95966316381924,9.070621415127656
339,-90.94364793174002,503.3775412639119,9.084170236073222
340,-90.69797238180627,502.4553631793897,9.107518595940048
341,-90.84645846948419,501.87408966368264,9.13457055703454
342,-198.22319574775833,511.7920061092854,9.168996957261736
343,-193.87964925550511,510.7854057951709,9.192335780078873
344,-91.7456751564016,509.8833420644527,9.215290274578626
345,-91.68486657153808,509.362000424057,9.226496928293669
346,-40.88115138202291,508.30603054495634,9.253538371918738
347,-90.32969034306643,507.3766496962998,9.29046915761622
348,-248.42937042641677,505.9258686803191,9.325866802166985
349,-447.47859690913043,504.2655778286854,9.363479292091293
350,-245.2958570256556,503.310598280796,9.388328352682057
351,-146.68580335849865,502.41358645078515,9.416662641972938
352,-160.8241915793491,500.91051603965906,9.449049284011481
353,-90.11648483519275,500.3023702361889,9.455275282240718
354,-143.45184138495864,498.80586884177626,9.488163679423614
355,-93.09492562798823,498.0936538063449,9.514530897625388
356,-39.02818518297753,497.1947473051891,9.535419858842662
357,-144.71122587497916,496.1199631082127,9.567325972812796
358,664.3275255575895,495.2873698234171,9.594883201200236
359,-200.1550832240702,494.0580801118315,9.631966099409594
360,-346.89674769493934,493.14718431899627,9.664736742373977
361,-558.5951742451739,491.67852774250935,9.69955188466582
362,-195.71897132705976,490.73811093717813,9.717363259288518
363,-91.4879599905857,489.89300628692445,9.736319070750111
364,-91.97916988472369,489.4909974106351,9.75082953544161
365,663.4650544940083,499.5443124163303,9.77681651466265
366,-144.19521816709266,498.5599645677258,9.797720274916676
367,-343.89326253918534,498.14353199146393,9.81846417237046
368,661.3532152604904,497.91014239029795,9.82489451714762
369,-141.3659836470008,497.1461312156359,9.845472700232134
370,-245.00711204879565,496.23930785393986,9.862414120592385
371,-198.60736527581489,495.3575070047723,9.88600595109779
372,-90.00004870000248,515.5448232270347,9.907339132684143
373,-92.88698425919605,515.1754860609061,9.922093877968937
374,-96.67136272828398,524.629041510984,9.947142502952532
375,-90.71687043657874,523.5523579016347,9.971387051571575
376,-140.68149550076754,522.7029006661465,9.994471547189487
377,-195.08805557574755,521.7573967676846,10.01710775278219
378,-396.08346537357994,520.9415169834575,10.044335393160548
379,-91.2904758526691,520.4721776879496,10.055332417709373
380,-96.46315522836633,519.5220062638372,10.080905893915322
381,-91.02655102059104,519.0696849458992,10.094015971482829
382,-90.54325575083865,518.1408257876071,10.113681023999009
383,-89.08353817301462,517.2460075655868,10.13720921248869
384,-90.95944367844436,516.4083915670494,10.159769084588005
385,-754.7659060531759,515.2128311386581,10.194468327262326
386,-746.1220229932507,514.1072125324697,10.23860184020758
387,-89.95302830366539,513.1816342213926,10.262340747042105
388,-91.26875261508907,522.5848664937965,10.285064980995744
389,-98.91220568052248,521.687766596119,10.31256460499441
390,-197.57678987304618,520.8889952392495,10.340829675953717
391,-301.39800237978756,520.021649616457,10.37069493669286
392,-91.99851670997685,519.0013236212973,10.398042299001663
393,-148.36800145990546,518.1916156797997,10.420951500709565
394,-95.22835247569395,517.6602748314185,10.429722938807737
395,-192.2041076313127,516.8446382524494,10.452728312981598
396,-95.11883930665232,516.3936386911258,10.46250920124658
397,-88.4853698644283,515.468433970354,10.482752957584381
398,-141.36224629171434,514.743927000792,10.508923971540884
399,-38.37639545657014,514.0676967937267,10.528417563284457
400,-146.0014598646788,513.1633195159508,10.552244467279117
401,-95.55080618045389,512.331855406061,10.573986304617364
402,-99.14501284012712,511.646630733299,10.597349370586038
403,-97.21144541593475,510.90643755554316,10.625688811737225
404,-97.93855793372967,519.9478906480134,10.652365530897702
405,-95.2533614702676,529.4398923285826,10.664752220151524
406,-194.68211263556216,528.950895711019,10.69102937233469
407,-349.25377079417444,527.6812866199568,10.74115371994938
408,-98.62587861898672,536.0987199868681,10.78370729859297
409,-92.08785220599394,535.6192283399566,10.796694513720324
410,-95.74843567930517,544.5354525514298,10.819862764971608
411,-90.88509122236249,543.987794217341,10.84724037878067
412,-195.4538131990044,552.89662406591,10.875720675482548
413,-99.7155665283093,552.3615048700686,10.900866612483256
414,-197.70202725526494,551.6832772461831,10.928860308110037
415,-98.57788591296121,550.7411312131078,10.9515255665405
416,-96.1543431138532,550.3470071102419,10.96329137866777
417,-248.65828308585418,549.422293976927,10.980004173207542
418,-90.96933592863147,548.4020567768786,11.001611372297493
419,-198.16212625158616,547.5738156969147,11.022180025253144
420,-598.9275630441911,555.9647915076661,11.05593418527847
421,-95.53714038555611,555.6718873752807,11.067629915329308
422,-205.42964090261907,564.4319549737294,11.09010406109891
423,-89.03657774442806,564.0793080494724,11.100973696829023
424,-49.988239094105765,564.0793080494724,11.100973696829023
425,-146.2692347605853,563.2730126938759,11.126412922868695
426,-91.61847925613515,562.3706917672256,11.148608720753895
427,-87.53101661015745,570.8867984045293,11.173362967587407
428,-188.87586705726503,570.0071658760409,11.19546783447048
429,-146.39536806213317,569.5582854757992,11.207557518543332
430,-89.79842763755191,577.9642035829245,11.229167435751256
431,-95.56961427413145,577.536560305654,11.238011875003217
432,-92.24422835806669,586.5242807444694,11.247673724336183
433,-97.4782215662942,585.4482751966506,11.265244869230019
434,-299.1238337405737,584.5717423353998,11.280646627030812
435,-94.04906747922104,583.565747227104,11.306610413805858
436,-87.14035439857227,582.7963444837511,11.327868825627144
437,-88.52369603568746,582.3881234503559,11.338466096873828
438,-49.98032988272656,582.3881234503559,11.338466096873828
439,-94.7588423220029,581.9529300862862,11.346907550876114
440,-89.58747394932973,590.2557954140008,11.365216171884475
441,-139.05655105432035,589.2105685598874,11.387904348847085
442,-91.0213903712229,588.6820919593455,11.396021380727174
443,-93.29185685416536,588.2551832998663,11.41000270806137
444,-146.30277768677007,587.2890516712329,11.427395904695436
445,-453.0576326695558,586.3702298993373,11.451849308135118
446,-137.00213135621854,585.2543471187353,11.470415184716193
447,-192.10804080644326,584.2079584715896,11.491094443560607
448,-96.30206698660245,583.4546825773136,11.509215468908979
449,-89.5655642809813,582.6008217033858,11.529442672686637
450,-138.849204976853,581.805568154655,11.544782306734117
451,-97.42091752706034,581.3966550699755,11.555075418594104
452,-143.81328946132513,580.9107989823248,11.572335496494556
453,-94.74511740424587,580.203782987158,11.599371170681692
454,-141.2123602284102,579.2311623182021,11.619497005856582
455,-92.12180951515683,578.8029584980201,11.63159423872321
456,-47.63795728534496,577.9276101339644,11.650647021032754
457,-88.72226648119857,577.2261563216358,11.67149606433175
458,-143.29960674346927,576.4952751228549,11.697848224377095
459,-97.11979472203484,576.0487370896427,11.708979872733545
460,-249.65393789901955,584.0889306263041,11.728625515110027
461,-140.65447934573376,583.6034641889689,11.741290444616686
462,-198.89826137363968,582.633149497281,11.764746291896955
463,-95.55519884616794,591.1213335547604,11.774884791003826
464,-43.18382330427265,590.3448963130203,11.796621664005459
465,-48.84939885562805,598.4192149311676,11.824712469412175
466,-87.55127090359102,597.6712407833004,11.850158568376267
467,-92.862739736507,596.9300782305052,11.870108525094473
468,-97.66621205730473,596.2509600155302,11.901825512379595
469,-198.21220247960878,595.3651303679366,11.920507127858132
470,-350.6424555220651,594.5312286860352,11.94281884734811
471,-196.0306288877522,593.6175761021811,11.96442856449654
472,-191.77454960391856,592.7869816808121,11.991979409082932
473,-91.13386528762979,592.3122618454322,12.0053128772899
474,-97.65177636041271,591.4334384622747,12.032794480560446
475,-95.53216784952275,591.046370771436,12.044555297810632
476,-148.08741823014012,589.7718266543088,12.078921642708938
477,-195.83311861338626,588.8416152610089,12.098387786592145
478,-88.07689729127048,588.3671807725035,12.10893206725782
479,-92.84785855833753,587.8638272623342,12.121528225117
480,-196.06317367580294,595.121604145386,12.150774864849842
481,-39.13499978636593,594.2881885002397,12.170818805346508
482,-89.97304724644553,593.7638508588946,12.1795561615078
483,-144.16862152653857,592.9895948519958,12.195718078649644
484,-46.47106609277731,592.070396963279,12.21358532426153
485,-144.8951508448588,599.7915743926803,12.23195193755418
486,-247.65277757577488,599.0438129799171,12.251110215656707
487,-239.3356111809026,598.3079163811559,12.273205782469049
488,-89.64890070223262,597.7952650880137,12.280474157103447
489,-140.04199522177532,597.375499315849,12.288396474390305
490,-188.54408604714268,596.5899671352549,12.304152398396333
491,-91.87872005372536,604.75479874958,12.313912783007716
492,-148.40027520694719,603.9941230816121,12.331811160510544
493,-91.10302800469935,603.5184823294363,12.341443847254348
494,-88.72011846449901,603.1378730469247,12.352175740515234
495,-103.93029412568092,602.331666691034,12.375002482598529
496,-97.45526721304438,601.6323885997156,12.399556582028415
497,-252.32730247301828,600.8904103693828,12.419284973854579
498,-192.88307238603906,599.9865602722062,12.439304703018655
499,-91.61496680239232,599.1209222495614,12.459870158938223
500,-87.96873838160772,598.752349231221,12.47224205110121
501,-190.18197599255038,597.9322420934061,12.50230909732534
502,-198.63344264396045,597.245750587401,12.518235140337048
503,-300.61651384055955,596.3102849662536,12.541933161304518
504,-140.57806332197651,596.0159621715256,12.55172303916222
505,-92.19415429703304,595.171233417885,12.578453869448095
506,-139.72415130573305,594.7834527277589,12.589415052288329
507,-89.24242715138752,593.9256749512205,12.619016307921054
508,-89.94423589443866,593.4937286933589,12.63389658618428
509,-193.9764249292744,592.7149442960015,12.652710666213595
510,-145.15588955804276,591.8836246164659,12.678004946743469
511,-88.88491107350224,591.1814464309795,12.703702278318367
512,-205.71306267907838,590.3028095403108,12.724797285048842
513,-146.52056660187498,589.4655828498461,12.745418497196749
514,-187.70953782491665,588.7143642014845,12.775612574167779
515,-46.156990305175356,588.362426216399,12.786656689382886
516,-140.69458936133236,588.0047165902172,12.797076021501395
517,-90.97555390107496,587.5621620893876,12.807875682818052
518,-142.1761322105664,587.0236627307398,12.81142149555179
519,-141.97033638722874,586.3029689069208,12.83557762967381
520,-93.714901285622,593.7340767496181,12.862445012762636
521,-249.46602595453874,592.9044351744235,12.888381339325516
522,-38.97437824003,592.4344891668547,12.899631136098993
523,-189.7735449774006,592.0415743310215,12.910992667034382
524,-44.272406728481194,591.7251619168827,12.92192495207462
525,-90.0132194119738,590.8035089814596,12.943662357812936
526,-142.06006556282344,590.3277008598119,12.971524934041502
527,-92.2940173934648,590.0038857634195,12.982273054962032
528,-39.224154648329275,589.2841826560959,13.006693903996203
529,-95.36667440927016,588.4195007791865,13.034111133145787
530,-145.5924600703084,595.6026584038706,13.053021432426384
531,-90.65143354880382,594.8014111549661,13.071238909920226
532,-140.28813040332295,602.0138581042562,13.092347954851046
533,-89.46891620355734,601.5366779037561,13.100827244231684
534,-188.96864199586255,608.8896125571334,13.12635594071709
535,-142.0024698386785,624.1684189587969,13.151202040078518
536,-593.3643086156283,623.4580165166219,13.173339542270865
537,-86.99358256913729,630.4881086045971,13.195406745557248
538,-240.44767339747926,629.6313157318214,13.219409440467802
539,-139.61446600145797,629.1486941404805,13.226512386201007
540,-147.12427205639753,628.2948519964557,13.24920915344478
541,-497.80773838411346,627.404034677852,13.271188403781027
542,-88.81422961319367,627.0270086398991,13.278822367178611
543,-90.28622657280633,626.5405020255874,13.292518230101692
544,-191.76816159674243,626.1614920946834,13.30099647525277
545,-139.3005105233334,625.3757581932227,13.324646508694077
546,-88.4271840452597,624.9879400920944,13.337388604619195
547,-92.16848809028468,624.0719612680512,13.357974071188787
548,-138.6831185569179,623.1728953661536,13.379470189676042
549,-89.24701163096557,622.649924893715,13.402924608180436
550,-294.2284337815356,622.0297426569257,13.425518042474664
551,-91.41141985900317,621.703978162444,13.440399619310046
552,-93.62378098593294,621.274740550035,13.4495322554877
553,-145.0597891165779,620.1842566699353,13.483641937453237
554,-141.17439505344257,619.3405960443474,13.5113938235105
555,-246.3749662581365,618.4043250323144,13.534799890251278
556,-137.27264804246968,617.5859889663695,13.552280594765074
557,-39.503924833463884,617.2603588551816,13.56275895041766
558,-90.91170174269647,616.6677244394751,13.583601896795154
559,-204.75532947696794,615.8919425533152,13.60106503188966
560,-99.37188101854755,615.5055746692212,13.608892308010073
561,-545.6170561419708,614.7185084300306,13.628364338885786
562,-138.40606856135176,614.0325565765204,13.650052143931232
563,-44.43509621969624,613.2428633201375,13.671792297800788
564,-152.40955648897517,612.4884541833379,13.697360332733494
565,-93.33128064081873,619.3565567572718,13.714542588941788
566,-89.66486116873696,618.5612765681639,13.735333806208422
567,-90.18265860098268,617.8478110660402,13.755911542442828
568,-45.06937222251027,617.084787585188,13.777556558896986
569,-140.29814702492865,616.7004267110898,13.791289888045611
570,-140.04544888759517,616.3163944017615,13.802406497956943
571,-144.99610344868688,615.5043395439315,13.827627433681688
572,-90.34576694001736,615.1845097712443,13.83643869890028
573,-89.29154001591917,622.0255733713585,13.852989734062092
